monitoring_id,state,latitude,longitude,rainfall_mm
1,Sikkim,27.229363653390614,88.0623587590842,5.1
2,Sikkim,27.279363653390615,88.0623587590842,5.1
3,Sikkim,27.329363653390615,88.0623587590842,0.0
4,Sikkim,27.379363653390616,88.0623587590842,0.0
5,Sikkim,27.479363653390617,88.0623587590842,0.0
6,Sikkim,27.179363653390613,88.1123587590842,2.6
7,Sikkim,27.229363653390614,88.1123587590842,2.4
8,Sikkim,27.279363653390615,88.1123587590842,2.4
9,Sikkim,27.329363653390615,88.1123587590842,7.5
10,Sikkim,27.379363653390616,88.1123587590842,7.5
11,Sikkim,27.429363653390617,88.1123587590842,9.8
12,Sikkim,27.479363653390617,88.1123587590842,9.8
13,Sikkim,27.529363653390618,88.1123587590842,3.0
14,Sikkim,27.57936365339062,88.1123587590842,3.0
15,Sikkim,27.129363653390612,88.1623587590842,2.6
16,Sikkim,27.179363653390613,88.1623587590842,2.6
17,Sikkim,27.229363653390614,88.1623587590842,2.4
18,Sikkim,27.279363653390615,88.1623587590842,2.4
19,Sikkim,27.329363653390615,88.1623587590842,7.5
20,Sikkim,27.379363653390616,88.1623587590842,7.5
21,Sikkim,27.429363653390617,88.1623587590842,9.8
22,Sikkim,27.479363653390617,88.1623587590842,9.8
23,Sikkim,27.529363653390618,88.1623587590842,3.0
24,Sikkim,27.57936365339062,88.1623587590842,3.0
25,Sikkim,27.62936365339062,88.1623587590842,1.6
26,Sikkim,27.67936365339062,88.1623587590842,1.6
27,Sikkim,27.72936365339062,88.1623587590842,0.0
28,Sikkim,27.879363653390623,88.1623587590842,0.0
29,Sikkim,27.929363653390624,88.1623587590842,1.4
30,Sikkim,27.179363653390613,88.2123587590842,1.3
31,Sikkim,27.229363653390614,88.2123587590842,1.6
32,Sikkim,27.279363653390615,88.2123587590842,1.6
33,Sikkim,27.329363653390615,88.2123587590842,2.7
34,Sikkim,27.379363653390616,88.2123587590842,2.7
35,Sikkim,27.429363653390617,88.2123587590842,2.3
36,Sikkim,27.479363653390617,88.2123587590842,2.3
37,Sikkim,27.529363653390618,88.2123587590842,3.2
38,Sikkim,27.57936365339062,88.2123587590842,3.2
39,Sikkim,27.62936365339062,88.2123587590842,2.1
40,Sikkim,27.67936365339062,88.2123587590842,2.1
41,Sikkim,27.72936365339062,88.2123587590842,2.8
42,Sikkim,27.77936365339062,88.2123587590842,2.8
43,Sikkim,27.829363653390622,88.2123587590842,0.7
44,Sikkim,27.879363653390623,88.2123587590842,0.7
45,Sikkim,27.929363653390624,88.2123587590842,0.0
46,Sikkim,27.129363653390612,88.2623587590842,1.3
47,Sikkim,27.179363653390613,88.2623587590842,1.3
48,Sikkim,27.229363653390614,88.2623587590842,1.6
49,Sikkim,27.279363653390615,88.2623587590842,1.6
50,Sikkim,27.329363653390615,88.2623587590842,2.7
51,Sikkim,27.379363653390616,88.2623587590842,2.7
52,Sikkim,27.429363653390617,88.2623587590842,2.3
53,Sikkim,27.479363653390617,88.2623587590842,2.3
54,Sikkim,27.529363653390618,88.2623587590842,3.2
55,Sikkim,27.57936365339062,88.2623587590842,3.2
56,Sikkim,27.62936365339062,88.2623587590842,2.1
57,Sikkim,27.67936365339062,88.2623587590842,2.1
58,Sikkim,27.72936365339062,88.2623587590842,2.8
59,Sikkim,27.77936365339062,88.2623587590842,2.8
60,Sikkim,27.829363653390622,88.2623587590842,0.7
61,Sikkim,27.879363653390623,88.2623587590842,0.7
62,Sikkim,27.929363653390624,88.2623587590842,0.0
63,Sikkim,27.129363653390612,88.31235875908419,1.0
64,Sikkim,27.179363653390613,88.31235875908419,1.0
65,Sikkim,27.229363653390614,88.31235875908419,0.5
66,Sikkim,27.279363653390615,88.31235875908419,0.5
67,Sikkim,27.329363653390615,88.31235875908419,2.0
68,Sikkim,27.379363653390616,88.31235875908419,2.0
69,Sikkim,27.429363653390617,88.31235875908419,1.6
70,Sikkim,27.479363653390617,88.31235875908419,1.6
71,Sikkim,27.529363653390618,88.31235875908419,3.3
72,Sikkim,27.57936365339062,88.31235875908419,3.3
73,Sikkim,27.62936365339062,88.31235875908419,2.4
74,Sikkim,27.67936365339062,88.31235875908419,2.4
75,Sikkim,27.72936365339062,88.31235875908419,1.7
76,Sikkim,27.77936365339062,88.31235875908419,1.7
77,Sikkim,27.829363653390622,88.31235875908419,1.2
78,Sikkim,27.879363653390623,88.31235875908419,1.2
79,Sikkim,27.929363653390624,88.31235875908419,0.3
80,Sikkim,27.129363653390612,88.36235875908419,1.0
81,Sikkim,27.179363653390613,88.36235875908419,1.0
82,Sikkim,27.229363653390614,88.36235875908419,0.5
83,Sikkim,27.279363653390615,88.36235875908419,0.5
84,Sikkim,27.329363653390615,88.36235875908419,2.0
85,Sikkim,27.379363653390616,88.36235875908419,2.0
86,Sikkim,27.429363653390617,88.36235875908419,1.6
87,Sikkim,27.479363653390617,88.36235875908419,1.6
88,Sikkim,27.529363653390618,88.36235875908419,3.3
89,Sikkim,27.57936365339062,88.36235875908419,3.3
90,Sikkim,27.62936365339062,88.36235875908419,2.4
91,Sikkim,27.67936365339062,88.36235875908419,2.4
92,Sikkim,27.72936365339062,88.36235875908419,1.7
93,Sikkim,27.77936365339062,88.36235875908419,1.7
94,Sikkim,27.829363653390622,88.36235875908419,1.2
95,Sikkim,27.879363653390623,88.36235875908419,1.2
96,Sikkim,27.929363653390624,88.36235875908419,0.3
97,Sikkim,27.979363653390624,88.36235875908419,0.3
98,Sikkim,27.129363653390612,88.41235875908419,0.8
99,Sikkim,27.179363653390613,88.41235875908419,0.8
100,Sikkim,27.229363653390614,88.41235875908419,0.3
101,Sikkim,27.279363653390615,88.41235875908419,0.3
102,Sikkim,27.329363653390615,88.41235875908419,0.2
103,Sikkim,27.379363653390616,88.41235875908419,0.2
104,Sikkim,27.429363653390617,88.41235875908419,0.8
105,Sikkim,27.479363653390617,88.41235875908419,0.8
106,Sikkim,27.529363653390618,88.41235875908419,2.5
107,Sikkim,27.57936365339062,88.41235875908419,2.5
108,Sikkim,27.62936365339062,88.41235875908419,1.9
109,Sikkim,27.67936365339062,88.41235875908419,1.9
110,Sikkim,27.72936365339062,88.41235875908419,1.2
111,Sikkim,27.77936365339062,88.41235875908419,1.2
112,Sikkim,27.829363653390622,88.41235875908419,0.8
113,Sikkim,27.879363653390623,88.41235875908419,0.8
114,Sikkim,27.929363653390624,88.41235875908419,0.3
115,Sikkim,27.979363653390624,88.41235875908419,0.3
116,Sikkim,27.129363653390612,88.46235875908418,0.8
117,Sikkim,27.179363653390613,88.46235875908418,0.8
118,Sikkim,27.229363653390614,88.46235875908418,0.3
119,Sikkim,27.279363653390615,88.46235875908418,0.3
120,Sikkim,27.329363653390615,88.46235875908418,0.2
121,Sikkim,27.379363653390616,88.46235875908418,0.2
122,Sikkim,27.429363653390617,88.46235875908418,0.8
123,Sikkim,27.479363653390617,88.46235875908418,0.8
124,Sikkim,27.529363653390618,88.46235875908418,2.5
125,Sikkim,27.57936365339062,88.46235875908418,2.5
126,Sikkim,27.62936365339062,88.46235875908418,1.9
127,Sikkim,27.67936365339062,88.46235875908418,1.9
128,Sikkim,27.72936365339062,88.46235875908418,1.2
129,Sikkim,27.77936365339062,88.46235875908418,1.2
130,Sikkim,27.829363653390622,88.46235875908418,0.8
131,Sikkim,27.879363653390623,88.46235875908418,0.8
132,Sikkim,27.929363653390624,88.46235875908418,0.3
133,Sikkim,27.979363653390624,88.46235875908418,0.3
134,Sikkim,27.179363653390613,88.51235875908418,0.0
135,Sikkim,27.229363653390614,88.51235875908418,0.2
136,Sikkim,27.279363653390615,88.51235875908418,0.2
137,Sikkim,27.329363653390615,88.51235875908418,0.1
138,Sikkim,27.379363653390616,88.51235875908418,0.1
139,Sikkim,27.429363653390617,88.51235875908418,0.1
140,Sikkim,27.479363653390617,88.51235875908418,0.1
141,Sikkim,27.529363653390618,88.51235875908418,0.8
142,Sikkim,27.57936365339062,88.51235875908418,0.8
143,Sikkim,27.62936365339062,88.51235875908418,1.1
144,Sikkim,27.67936365339062,88.51235875908418,1.1
145,Sikkim,27.72936365339062,88.51235875908418,1.0
146,Sikkim,27.77936365339062,88.51235875908418,1.0
147,Sikkim,27.829363653390622,88.51235875908418,0.7
148,Sikkim,27.879363653390623,88.51235875908418,0.7
149,Sikkim,27.929363653390624,88.51235875908418,0.0
150,Sikkim,27.979363653390624,88.51235875908418,0.0
151,Sikkim,28.029363653390625,88.51235875908418,0.0
152,Sikkim,27.229363653390614,88.56235875908418,0.2
153,Sikkim,27.279363653390615,88.56235875908418,0.2
154,Sikkim,27.329363653390615,88.56235875908418,0.1
155,Sikkim,27.379363653390616,88.56235875908418,0.1
156,Sikkim,27.429363653390617,88.56235875908418,0.1
157,Sikkim,27.479363653390617,88.56235875908418,0.1
158,Sikkim,27.529363653390618,88.56235875908418,0.8
159,Sikkim,27.57936365339062,88.56235875908418,0.8
160,Sikkim,27.62936365339062,88.56235875908418,1.1
161,Sikkim,27.67936365339062,88.56235875908418,1.1
162,Sikkim,27.72936365339062,88.56235875908418,1.0
163,Sikkim,27.77936365339062,88.56235875908418,1.0
164,Sikkim,27.829363653390622,88.56235875908418,0.7
165,Sikkim,27.879363653390623,88.56235875908418,0.7
166,Sikkim,27.929363653390624,88.56235875908418,0.0
167,Sikkim,27.979363653390624,88.56235875908418,0.0
168,Sikkim,28.029363653390625,88.56235875908418,0.0
169,Sikkim,28.079363653390626,88.56235875908418,0.0
170,Sikkim,27.229363653390614,88.61235875908417,0.2
171,Sikkim,27.279363653390615,88.61235875908417,0.2
172,Sikkim,27.329363653390615,88.61235875908417,0.0
173,Sikkim,27.379363653390616,88.61235875908417,0.0
174,Sikkim,27.429363653390617,88.61235875908417,0.0
175,Sikkim,27.479363653390617,88.61235875908417,0.0
176,Sikkim,27.529363653390618,88.61235875908417,0.4
177,Sikkim,27.57936365339062,88.61235875908417,0.4
178,Sikkim,27.62936365339062,88.61235875908417,0.8
179,Sikkim,27.67936365339062,88.61235875908417,0.8
180,Sikkim,27.72936365339062,88.61235875908417,1.3
181,Sikkim,27.77936365339062,88.61235875908417,1.3
182,Sikkim,27.829363653390622,88.61235875908417,0.1
183,Sikkim,27.879363653390623,88.61235875908417,0.1
184,Sikkim,27.929363653390624,88.61235875908417,0.0
185,Sikkim,27.979363653390624,88.61235875908417,0.0
186,Sikkim,28.029363653390625,88.61235875908417,0.1
187,Sikkim,28.079363653390626,88.61235875908417,0.1
188,Sikkim,27.179363653390613,88.66235875908417,0.0
189,Sikkim,27.229363653390614,88.66235875908417,0.2
190,Sikkim,27.279363653390615,88.66235875908417,0.2
191,Sikkim,27.329363653390615,88.66235875908417,0.0
192,Sikkim,27.379363653390616,88.66235875908417,0.0
193,Sikkim,27.429363653390617,88.66235875908417,0.0
194,Sikkim,27.479363653390617,88.66235875908417,0.0
195,Sikkim,27.529363653390618,88.66235875908417,0.4
196,Sikkim,27.57936365339062,88.66235875908417,0.4
197,Sikkim,27.62936365339062,88.66235875908417,0.8
198,Sikkim,27.67936365339062,88.66235875908417,0.8
199,Sikkim,27.72936365339062,88.66235875908417,1.3
200,Sikkim,27.77936365339062,88.66235875908417,1.3
201,Sikkim,27.829363653390622,88.66235875908417,0.1
202,Sikkim,27.879363653390623,88.66235875908417,0.1
203,Sikkim,27.929363653390624,88.66235875908417,0.0
204,Sikkim,27.979363653390624,88.66235875908417,0.0
205,Sikkim,28.029363653390625,88.66235875908417,0.1
206,Sikkim,28.079363653390626,88.66235875908417,0.1
207,Sikkim,27.179363653390613,88.71235875908417,0.5
208,Sikkim,27.229363653390614,88.71235875908417,0.1
209,Sikkim,27.279363653390615,88.71235875908417,0.1
210,Sikkim,27.329363653390615,88.71235875908417,0.0
211,Sikkim,27.379363653390616,88.71235875908417,0.0
212,Sikkim,27.429363653390617,88.71235875908417,0.0
213,Sikkim,27.479363653390617,88.71235875908417,0.0
214,Sikkim,27.529363653390618,88.71235875908417,0.5
215,Sikkim,27.57936365339062,88.71235875908417,0.5
216,Sikkim,27.62936365339062,88.71235875908417,0.9
217,Sikkim,27.67936365339062,88.71235875908417,0.9
218,Sikkim,27.72936365339062,88.71235875908417,0.8
219,Sikkim,27.77936365339062,88.71235875908417,0.8
220,Sikkim,27.829363653390622,88.71235875908417,0.1
221,Sikkim,27.879363653390623,88.71235875908417,0.1
222,Sikkim,27.929363653390624,88.71235875908417,0.0
223,Sikkim,27.979363653390624,88.71235875908417,0.0
224,Sikkim,28.029363653390625,88.71235875908417,0.0
225,Sikkim,27.179363653390613,88.76235875908417,0.5
226,Sikkim,27.229363653390614,88.76235875908417,0.1
227,Sikkim,27.279363653390615,88.76235875908417,0.1
228,Sikkim,27.329363653390615,88.76235875908417,0.0
229,Sikkim,27.379363653390616,88.76235875908417,0.0
230,Sikkim,27.429363653390617,88.76235875908417,0.0
231,Sikkim,27.479363653390617,88.76235875908417,0.0
232,Sikkim,27.529363653390618,88.76235875908417,0.5
233,Sikkim,27.57936365339062,88.76235875908417,0.5
234,Sikkim,27.62936365339062,88.76235875908417,0.9
235,Sikkim,27.67936365339062,88.76235875908417,0.9
236,Sikkim,27.72936365339062,88.76235875908417,0.8
237,Sikkim,27.77936365339062,88.76235875908417,0.8
238,Sikkim,27.829363653390622,88.76235875908417,0.1
239,Sikkim,27.879363653390623,88.76235875908417,0.1
240,Sikkim,27.929363653390624,88.76235875908417,0.0
241,Sikkim,27.979363653390624,88.76235875908417,0.0
242,Sikkim,28.029363653390625,88.76235875908417,0.0
243,Sikkim,27.279363653390615,88.81235875908416,0.0
244,Sikkim,27.329363653390615,88.81235875908416,0.6
245,Sikkim,27.379363653390616,88.81235875908416,0.6
246,Sikkim,27.67936365339062,88.81235875908416,0.0
247,Sikkim,27.72936365339062,88.81235875908416,0.6
248,Sikkim,27.77936365339062,88.81235875908416,0.6
249,Sikkim,27.829363653390622,88.81235875908416,0.1
250,Sikkim,27.879363653390623,88.81235875908416,0.1
251,Sikkim,27.929363653390624,88.81235875908416,0.0
252,Sikkim,27.979363653390624,88.81235875908416,0.0
253,Sikkim,27.279363653390615,88.86235875908416,0.0
254,Sikkim,27.329363653390615,88.86235875908416,0.6
255,Sikkim,27.379363653390616,88.86235875908416,0.6
256,Sikkim,27.829363653390622,88.86235875908416,0.1
257,Sikkim,27.879363653390623,88.86235875908416,0.1
258,Sikkim,27.329363653390615,88.91235875908416,0.0
